0, 48, 12/02/2011 03:38 AM
1, 26, 24/07/2008 01:17 AM
1, 84, 12/02/2009 01:52 PM
1, 24, 28/05/2008 10:51 AM
1, 9, 02/12/2009 05:01 AM
1, 4, 13/02/2011 10:40 PM
2, 36, 27/10/2011 02:30 AM
2, 34, 01/08/2011 08:54 AM
2, 78, 12/01/2010 08:41 PM
2, 25, 06/02/2008 11:41 AM
2, 52, 25/05/2011 11:35 AM
2, 94, 23/09/2011 03:20 PM
2, 96, 20/09/2010 10:59 AM
2, 22, 18/08/2008 04:46 PM
2, 67, 06/02/2009 06:24 PM
2, 51, 06/03/2011 04:52 AM
2, 59, 06/02/2008 03:33 AM
2, 56, 07/06/2008 11:16 PM
2, 14, 19/03/2008 05:15 AM
2, 63, 04/02/2012 10:43 AM
2, 72, 10/05/2010 09:43 PM
2, 59, 11/01/2010 03:16 AM
2, 87, 09/06/2010 04:22 PM
2, 70, 24/05/2008 12:35 AM
3, 45, 28/03/2009 01:19 PM
3, 1, 26/03/2011 10:18 PM
3, 53, 22/06/2009 09:38 PM
3, 70, 16/11/2009 06:35 PM
3, 76, 03/03/2009 08:01 AM
4, 38, 19/03/2011 11:31 PM
4, 15, 07/01/2008 12:23 PM
4, 80, 24/06/2010 07:44 PM
4, 69, 26/10/2008 09:09 AM
4, 62, 11/03/2008 05:58 AM
4, 22, 01/07/2011 04:17 PM
4, 52, 04/03/2009 03:38 AM
4, 42, 02/04/2009 03:32 PM
4, 32, 06/03/2009 04:46 PM
4, 55, 28/01/2010 02:45 PM
4, 13, 05/11/2011 11:52 PM
4, 68, 17/10/2011 12:07 AM
4, 54, 24/08/2009 10:16 AM
4, 100, 24/03/2009 12:44 PM
4, 61, 12/05/2009 12:11 PM
4, 43, 24/12/2011 07:56 PM
4, 7, 15/12/2009 06:21 AM
4, 41, 17/01/2011 12:21 AM
5, 81, 02/09/2009 01:34 AM
5, 27, 22/11/2009 12:58 PM
5, 91, 04/02/2012 02:40 PM
5, 76, 19/03/2009 08:44 PM
5, 37, 16/06/2009 02:08 PM
5, 73, 17/02/2008 07:09 PM
5, 15, 13/10/2011 04:28 PM
6, 21, 02/02/2012 10:10 PM
6, 55, 05/01/2008 05:50 AM
6, 28, 14/06/2009 10:32 AM
6, 76, 18/06/2011 07:00 AM
6, 7, 12/06/2011 07:03 PM
6, 32, 26/06/2009 08:11 AM
6, 75, 08/08/2010 01:33 PM
6, 6, 22/11/2011 02:10 AM
6, 4, 18/02/2012 12:44 AM
6, 19, 26/09/2009 06:38 PM
6, 47, 17/02/2008 06:44 AM
6, 66, 02/10/2010 01:47 AM
6, 9, 27/02/2010 09:23 PM
6, 89, 10/01/2011 09:43 PM
6, 99, 08/06/2011 12:06 AM
6, 90, 05/08/2008 03:27 AM
6, 62, 10/02/2012 12:38 AM
6, 76, 08/01/2008 08:52 AM
6, 86, 11/05/2010 10:08 PM
6, 79, 22/07/2008 06:22 PM
7, 27, 14/07/2011 06:46 AM
7, 75, 11/09/2008 10:00 AM
7, 88, 03/08/2008 04:23 AM
7, 10, 24/02/2009 12:22 AM
7, 32, 07/04/2010 03:53 PM
7, 52, 20/07/2010 12:20 AM
7, 38, 19/12/2011 09:25 AM
7, 35, 27/09/2010 04:06 PM
7, 30, 27/07/2010 10:55 PM
7, 7, 11/08/2008 08:26 PM
7, 87, 04/06/2009 10:53 PM
7, 84, 01/08/2008 07:15 PM
7, 41, 18/11/2011 07:35 AM
8, 23, 28/05/2009 03:32 PM
8, 66, 03/03/2009 06:07 PM
8, 56, 11/02/2009 09:48 AM
8, 34, 06/06/2010 07:57 AM
8, 28, 25/08/2010 04:58 AM
8, 74, 21/04/2010 10:38 AM
8, 18, 20/04/2008 08:22 AM
8, 20, 11/10/2011 08:38 AM
8, 86, 01/06/2009 11:11 AM
8, 3, 18/08/2008 01:52 PM
8, 91, 04/12/2008 12:14 PM
8, 94, 24/11/2009 11:58 AM
8, 35, 19/09/2010 05:29 PM
8, 68, 09/01/2009 08:15 AM
8, 22, 29/05/2011 12:58 PM
8, 21, 12/09/2008 12:46 PM
8, 2, 17/08/2008 04:30 AM
8, 4, 28/08/2011 11:37 AM
9, 29, 13/07/2011 06:12 AM
9, 93, 27/10/2011 12:10 PM
9, 32, 25/06/2008 05:17 AM
9, 82, 26/06/2009 04:11 PM
9, 24, 15/05/2011 04:55 AM
9, 27, 30/08/2011 10:43 PM
9, 89, 23/05/2010 05:35 PM
9, 1, 15/08/2009 05:24 PM
9, 52, 02/05/2011 10:47 PM
9, 47, 16/02/2009 04:17 PM
9, 97, 02/01/2011 06:17 AM
9, 58, 20/11/2011 12:28 PM
9, 74, 18/07/2009 10:40 AM
9, 63, 24/03/2008 07:46 PM
9, 44, 05/05/2010 01:20 AM
9, 32, 09/05/2010 09:14 PM
10, 92, 25/07/2011 09:11 PM
10, 37, 05/11/2010 08:23 AM
10, 41, 28/04/2011 08:33 AM
10, 1, 03/07/2009 12:06 PM
10, 44, 08/08/2009 07:07 AM
10, 65, 06/06/2011 10:39 PM
10, 25, 11/06/2010 11:45 PM
10, 12, 18/11/2010 11:18 AM
10, 100, 08/01/2010 02:29 AM
10, 36, 14/01/2012 08:21 AM
10, 54, 16/01/2011 06:59 PM
10, 46, 14/10/2010 01:55 AM
10, 20, 30/06/2011 10:12 PM
10, 85, 13/12/2009 09:39 AM
10, 37, 08/03/2010 01:54 PM
10, 14, 09/12/2011 12:16 PM
10, 54, 01/03/2008 01:41 AM
10, 57, 15/08/2009 07:25 PM
10, 94, 14/12/2008 02:52 PM
11, 21, 06/02/2010 10:09 AM
11, 46, 12/03/2008 01:29 PM
11, 30, 25/06/2011 09:40 AM
11, 77, 23/04/2010 08:11 AM
11, 72, 13/10/2008 02:45 PM
11, 85, 17/08/2011 09:26 PM
11, 32, 31/01/2011 08:24 PM
11, 1, 19/06/2010 02:58 AM
11, 48, 18/05/2009 08:36 AM
11, 19, 17/05/2011 03:59 AM
11, 69, 03/05/2009 05:48 PM
11, 64, 13/11/2008 12:25 AM
11, 86, 12/01/2009 11:05 AM
11, 69, 09/10/2008 08:31 AM
11, 89, 24/06/2011 05:17 PM
11, 44, 11/01/2012 04:59 PM
11, 30, 20/10/2008 01:05 PM
11, 7, 22/06/2010 12:44 AM
12, 62, 05/03/2010 11:43 PM
12, 5, 22/01/2011 11:00 PM
12, 58, 06/04/2008 05:46 AM
12, 4, 23/08/2008 02:23 PM
12, 60, 19/04/2011 07:41 AM
12, 63, 31/10/2009 01:38 PM
12, 43, 04/06/2009 06:46 PM
12, 30, 07/02/2011 09:44 PM
12, 21, 22/06/2011 05:46 PM
12, 4, 10/11/2008 07:15 PM
12, 27, 17/02/2010 07:39 PM
12, 23, 19/12/2009 08:27 AM
13, 81, 28/03/2010 02:35 AM
13, 37, 29/11/2010 07:38 PM
13, 90, 02/02/2008 12:01 AM
13, 89, 22/09/2008 01:45 PM
13, 37, 31/01/2009 04:40 AM
13, 62, 11/02/2012 02:08 AM
13, 15, 14/05/2011 07:41 PM
13, 70, 26/12/2009 07:08 AM
13, 100, 18/04/2011 08:15 PM
13, 42, 30/09/2010 10:42 AM
13, 29, 13/07/2011 03:05 AM
13, 74, 06/09/2009 08:51 PM
13, 69, 13/11/2009 01:36 PM
14, 94, 21/08/2008 04:12 AM
14, 36, 04/06/2009 02:10 AM
14, 82, 13/11/2009 07:27 PM
14, 4, 28/09/2011 05:25 PM
14, 50, 26/10/2009 06:25 AM
14, 16, 13/05/2010 06:46 PM
14, 69, 16/01/2011 04:48 AM
14, 87, 24/04/2010 02:32 PM
14, 30, 24/10/2008 06:04 PM
14, 54, 14/06/2008 04:28 PM
14, 85, 18/02/2008 07:52 AM
14, 77, 01/12/2011 02:50 PM
14, 78, 24/10/2010 12:48 AM
14, 20, 22/08/2009 07:45 AM
14, 44, 16/09/2009 07:34 AM
14, 67, 06/02/2012 10:05 AM
14, 3, 30/06/2008 10:01 PM
14, 58, 29/01/2010 04:17 AM
14, 4, 02/02/2009 08:01 AM
14, 56, 15/01/2012 12:05 PM
15, 33, 07/02/2009 08:36 PM
15, 24, 19/07/2010 03:13 AM
15, 4, 02/08/2011 05:25 PM
15, 68, 25/01/2012 01:50 PM
15, 72, 05/01/2010 05:35 AM
15, 83, 13/11/2011 06:06 AM
16, 62, 07/12/2011 03:41 PM
16, 23, 08/08/2009 10:13 AM
16, 72, 18/07/2011 10:21 AM
16, 62, 28/07/2010 06:43 PM
17, 6, 17/06/2011 03:35 AM
17, 67, 19/08/2009 05:29 AM
17, 53, 24/03/2010 10:00 AM
17, 92, 21/12/2010 02:36 AM
17, 49, 04/04/2009 05:59 AM
17, 57, 08/07/2010 01:48 AM
17, 69, 19/10/2010 10:12 PM
17, 10, 22/06/2008 03:05 AM
17, 11, 11/06/2009 06:04 PM
17, 29, 01/10/2008 05:42 PM
17, 50, 09/11/2011 02:50 PM
17, 26, 27/03/2010 10:52 PM
17, 45, 07/01/2010 12:19 PM
17, 78, 07/05/2011 03:21 PM
18, 87, 27/06/2010 07:48 PM
18, 36, 26/04/2009 11:31 AM
18, 28, 04/07/2009 06:15 PM
18, 5, 12/04/2010 01:01 PM
18, 23, 28/05/2008 03:12 PM
18, 62, 10/11/2008 11:21 AM
18, 99, 15/09/2010 02:11 AM
18, 17, 05/07/2010 03:33 PM
19, 26, 14/08/2009 01:23 PM
19, 41, 18/03/2008 05:00 PM
19, 31, 24/08/2009 02:52 AM
19, 21, 18/01/2008 08:25 PM
19, 98, 02/05/2009 06:51 AM
19, 92, 25/05/2008 03:09 AM
19, 93, 12/01/2012 08:48 PM
19, 13, 25/02/2009 12:51 AM
19, 31, 15/01/2010 06:29 AM
19, 43, 24/07/2010 01:34 PM
19, 93, 27/02/2008 06:31 AM
19, 12, 15/09/2011 03:37 PM
19, 59, 26/01/2011 02:15 AM
19, 100, 18/07/2009 01:51 AM
19, 44, 05/10/2010 10:05 PM
19, 13, 16/02/2009 01:29 AM
20, 50, 28/01/2012 01:32 PM
21, 44, 09/03/2008 07:10 AM
21, 58, 22/01/2009 12:12 AM
21, 37, 05/05/2011 05:13 PM
21, 89, 04/11/2008 10:03 PM
21, 55, 24/06/2008 05:42 AM
21, 37, 10/02/2012 01:15 PM
21, 71, 09/08/2009 08:56 PM
21, 2, 04/07/2009 01:48 PM
21, 33, 13/06/2009 03:58 PM
21, 32, 28/03/2011 04:43 AM
21, 99, 28/11/2010 02:16 PM
21, 17, 21/04/2009 01:51 PM
21, 57, 21/03/2010 10:57 AM
21, 90, 10/04/2009 05:47 PM
21, 63, 20/11/2010 04:47 PM
21, 45, 06/11/2009 09:59 PM
21, 1, 31/07/2011 03:00 PM
21, 26, 07/01/2012 06:55 PM
21, 42, 20/03/2008 05:56 AM
21, 63, 11/08/2011 08:21 AM
22, 31, 07/07/2010 08:39 AM
22, 86, 19/11/2011 09:42 AM
22, 79, 10/09/2009 09:47 PM
22, 9, 03/09/2010 02:44 AM
22, 24, 31/01/2008 05:03 PM
22, 78, 15/10/2008 10:43 AM
22, 19, 25/12/2011 11:48 AM
22, 92, 16/09/2011 04:08 PM
22, 30, 07/08/2010 01:03 PM
22, 31, 10/07/2011 04:00 AM
22, 7, 12/11/2008 07:02 AM
23, 85, 10/04/2008 05:00 PM
23, 59, 23/06/2008 03:45 AM
23, 3, 09/02/2012 10:48 AM
24, 9, 20/09/2010 10:51 AM
24, 66, 26/09/2008 06:56 PM
24, 31, 11/06/2009 11:07 AM
24, 98, 30/04/2009 01:20 AM
24, 20, 10/11/2010 09:51 PM
24, 53, 02/09/2011 01:31 AM
24, 62, 23/12/2008 03:40 PM
24, 89, 24/04/2008 10:23 AM
24, 3, 10/01/2008 10:06 AM
24, 33, 29/09/2010 05:01 PM
25, 2, 09/01/2011 11:24 AM
25, 33, 31/10/2009 01:31 AM
25, 31, 29/05/2011 12:33 PM
25, 58, 07/02/2012 01:43 PM
25, 13, 23/11/2011 03:04 AM
25, 87, 07/08/2008 11:32 PM
25, 31, 06/01/2012 12:55 AM
25, 15, 05/08/2008 07:24 AM
25, 43, 30/06/2011 06:14 PM
25, 55, 13/09/2008 07:57 AM
25, 73, 09/03/2008 02:07 AM
25, 83, 29/09/2009 10:36 PM
25, 9, 23/07/2009 06:09 AM
25, 65, 23/03/2008 12:15 AM
25, 68, 21/10/2009 07:42 AM
25, 83, 15/11/2008 09:08 AM
25, 14, 01/11/2011 11:40 PM
26, 79, 24/06/2011 02:47 AM
26, 40, 28/04/2008 01:02 AM
26, 15, 18/08/2010 09:45 PM
26, 56, 29/07/2008 01:17 AM
26, 10, 19/10/2009 07:11 PM
26, 54, 20/09/2009 01:57 AM
26, 56, 20/12/2010 01:22 PM
27, 58, 04/03/2009 10:13 PM
27, 33, 23/06/2010 07:18 PM
27, 72, 14/10/2010 11:21 AM
27, 2, 06/01/2010 03:46 PM
27, 41, 28/01/2009 10:37 AM
28, 19, 26/10/2010 03:30 AM
28, 81, 04/03/2008 03:13 AM
28, 55, 06/09/2008 08:46 AM
28, 77, 15/07/2008 01:09 PM
28, 96, 24/09/2011 09:17 AM
28, 50, 04/02/2008 03:48 PM
28, 2, 08/01/2008 07:33 PM
28, 94, 16/04/2008 12:42 AM
28, 7, 23/07/2011 11:53 AM
28, 13, 12/02/2011 07:20 AM
28, 86, 30/03/2010 07:56 PM
28, 42, 20/07/2009 06:24 PM
28, 99, 07/05/2011 01:52 AM
28, 94, 09/12/2011 02:46 AM
28, 57, 27/11/2010 02:55 PM
28, 37, 27/12/2010 09:27 AM
29, 98, 24/12/2009 04:43 AM
29, 79, 16/06/2011 09:47 PM
29, 12, 17/04/2009 05:08 AM
29, 46, 18/05/2008 05:23 PM
29, 71, 25/05/2010 05:49 PM
30, 14, 09/05/2008 01:34 AM
30, 78, 08/12/2008 07:06 AM
30, 15, 16/04/2010 06:09 AM
30, 12, 21/08/2010 08:30 PM
30, 32, 23/08/2009 03:46 AM
30, 25, 03/04/2009 12:21 AM
30, 54, 08/03/2008 06:37 PM
30, 51, 15/04/2008 07:24 PM
31, 46, 22/06/2008 02:53 PM
31, 40, 14/07/2009 01:36 PM
31, 84, 15/09/2008 06:23 AM
31, 69, 24/08/2010 09:06 AM
31, 48, 24/05/2009 11:54 AM
32, 67, 03/07/2010 01:38 AM
32, 15, 27/09/2011 02:02 AM
32, 29, 30/12/2011 07:20 PM
32, 21, 19/11/2010 04:30 AM
32, 10, 09/05/2008 11:32 AM
32, 64, 24/01/2010 02:34 AM
32, 35, 11/01/2010 12:23 PM
32, 72, 07/08/2009 10:44 PM
32, 42, 03/08/2008 08:22 PM
32, 5, 07/02/2012 03:40 AM
32, 54, 16/07/2008 05:01 AM
32, 17, 03/03/2011 06:45 PM
32, 46, 20/06/2009 04:59 PM
32, 60, 22/12/2010 07:59 PM
32, 49, 20/01/2008 10:47 PM
33, 9, 21/03/2009 03:55 PM
33, 86, 25/11/2011 10:15 PM
33, 100, 28/05/2009 03:32 PM
33, 78, 05/01/2012 04:17 AM
33, 56, 04/11/2008 09:18 AM
33, 19, 07/06/2011 11:09 AM
33, 49, 06/12/2011 01:11 PM
33, 38, 30/03/2011 06:22 PM
33, 20, 18/10/2008 09:16 AM
33, 61, 02/05/2011 09:31 AM
33, 25, 14/06/2011 01:06 PM
33, 77, 20/11/2011 12:04 AM
33, 95, 30/04/2011 09:53 AM
33, 70, 10/07/2011 10:57 PM
33, 29, 20/03/2009 03:41 PM
33, 40, 17/11/2011 12:21 PM
33, 97, 22/02/2011 07:13 AM
33, 18, 30/05/2008 05:51 PM
33, 43, 22/08/2009 04:40 AM
33, 10, 17/09/2008 04:21 PM
34, 88, 06/02/2008 05:23 PM
34, 46, 02/09/2010 02:53 PM
34, 39, 20/03/2009 02:15 PM
34, 8, 17/03/2009 07:10 AM
34, 15, 04/12/2010 09:32 AM
34, 17, 03/05/2008 11:46 PM
34, 96, 24/06/2008 04:58 PM
34, 3, 17/08/2008 05:51 PM
34, 28, 12/12/2008 01:57 AM
34, 17, 19/09/2009 09:30 PM
34, 90, 08/04/2010 08:55 PM
34, 74, 03/07/2009 03:10 AM
34, 29, 09/11/2011 02:20 PM
34, 47, 05/12/2008 10:31 AM
34, 89, 28/10/2009 06:29 AM
34, 86, 24/02/2011 04:16 AM
34, 29, 10/02/2009 02:18 AM
34, 24, 22/08/2008 01:42 AM
35, 31, 11/09/2008 04:39 PM
35, 88, 01/08/2011 06:33 AM
36, 82, 17/03/2011 08:50 PM
36, 6, 09/02/2011 12:51 AM
36, 59, 20/07/2011 04:23 PM
36, 15, 16/05/2010 02:30 AM
36, 1, 13/06/2009 02:52 PM
36, 23, 10/07/2008 09:56 AM
36, 36, 12/02/2011 01:32 AM
36, 73, 02/04/2008 02:57 PM
36, 37, 03/02/2011 09:39 PM
36, 15, 29/12/2008 09:31 AM
36, 5, 24/08/2011 09:59 AM
36, 76, 05/11/2009 01:59 PM
36, 53, 01/09/2011 08:39 AM
36, 45, 18/11/2011 03:26 AM
36, 0, 03/03/2008 10:11 PM
37, 11, 07/11/2010 06:26 AM
37, 77, 19/12/2011 04:36 PM
37, 73, 15/10/2008 07:09 PM
37, 74, 21/07/2008 01:18 AM
37, 53, 25/08/2009 11:51 AM
37, 22, 26/10/2010 10:52 PM
37, 25, 10/07/2008 09:31 PM
37, 71, 03/08/2010 03:47 AM
37, 53, 24/02/2008 05:14 AM
38, 74, 04/12/2011 12:32 AM
38, 29, 16/09/2011 08:24 PM
38, 85, 21/10/2011 05:05 AM
38, 93, 07/05/2011 02:38 AM
38, 43, 27/03/2008 06:43 AM
38, 73, 29/12/2010 11:04 AM
38, 73, 26/02/2011 02:14 AM
38, 4, 02/02/2009 08:23 PM
38, 72, 22/09/2010 02:51 AM
38, 22, 26/06/2010 08:53 AM
38, 28, 02/07/2009 02:45 PM
38, 55, 24/12/2009 04:57 PM
39, 94, 29/10/2011 06:42 PM
39, 94, 24/11/2010 02:20 AM
39, 40, 14/07/2010 04:47 AM
39, 7, 06/07/2008 12:07 AM
39, 100, 04/01/2010 10:05 PM
40, 50, 10/05/2011 10:05 AM
40, 77, 05/12/2010 08:12 AM
40, 34, 13/01/2008 11:46 AM
40, 53, 14/12/2010 10:25 PM
40, 77, 09/07/2011 07:09 PM
40, 63, 13/09/2009 06:12 PM
40, 39, 31/01/2011 12:54 AM
40, 35, 18/11/2010 11:49 PM
40, 46, 29/11/2009 10:24 AM
40, 24, 27/06/2008 04:02 PM
40, 63, 05/05/2008 02:42 PM
40, 97, 15/08/2010 02:53 PM
40, 5, 04/07/2010 10:30 AM
40, 88, 11/11/2011 02:28 PM
40, 42, 27/03/2008 06:16 AM
41, 67, 21/05/2009 02:08 PM
41, 64, 28/01/2008 10:45 AM
41, 99, 15/05/2010 01:17 AM
41, 58, 15/05/2010 11:02 PM
41, 13, 21/08/2009 02:59 AM
41, 20, 27/09/2008 04:21 PM
41, 26, 23/06/2008 09:45 AM
41, 94, 30/04/2010 09:07 AM
41, 65, 05/05/2008 11:11 AM
41, 20, 09/01/2012 11:34 AM
41, 77, 15/07/2011 04:42 PM
41, 15, 01/07/2010 08:30 AM
41, 66, 03/05/2010 07:27 AM
41, 44, 22/08/2010 02:19 PM
41, 65, 14/07/2010 06:20 PM
41, 63, 26/07/2009 07:38 PM
41, 35, 17/06/2009 07:03 AM
41, 3, 17/01/2008 10:55 PM
41, 27, 30/12/2009 05:22 AM
41, 32, 16/10/2011 01:35 PM
42, 37, 24/05/2011 10:00 AM
42, 95, 25/08/2009 11:31 AM
42, 17, 09/08/2010 05:50 AM
42, 81, 16/09/2008 10:16 AM
42, 51, 19/07/2010 01:33 PM
42, 23, 13/03/2009 08:45 PM
42, 15, 30/01/2008 12:41 AM
42, 38, 12/05/2009 01:08 PM
42, 49, 17/02/2011 02:08 PM
42, 68, 15/09/2009 06:49 AM
42, 26, 05/05/2011 09:24 PM
42, 72, 11/01/2008 05:10 PM
42, 45, 25/05/2008 04:38 PM
42, 3, 21/07/2011 02:12 PM
42, 35, 22/11/2008 06:12 AM
42, 18, 16/02/2011 04:13 AM
42, 76, 14/01/2012 01:56 AM
42, 94, 01/02/2008 10:08 AM
42, 7, 10/09/2008 07:20 AM
43, 48, 14/04/2009 03:26 PM
43, 79, 18/09/2009 11:55 AM
43, 86, 30/07/2011 12:34 PM
43, 29, 08/02/2012 05:07 AM
43, 40, 13/02/2012 09:29 AM
43, 71, 22/10/2008 11:20 AM
43, 58, 27/06/2009 05:13 AM
43, 53, 07/02/2012 01:55 AM
43, 74, 07/08/2008 06:33 PM
43, 47, 22/06/2008 11:51 PM
44, 52, 21/03/2009 05:36 PM
44, 61, 24/12/2008 09:21 AM
44, 81, 13/03/2008 06:21 PM
44, 76, 19/08/2008 12:40 AM
44, 38, 24/05/2009 08:51 PM
44, 14, 02/11/2008 11:41 AM
44, 15, 26/11/2008 05:34 AM
44, 92, 28/03/2009 08:46 AM
44, 79, 16/06/2008 11:46 PM
44, 0, 13/01/2009 06:19 PM
45, 1, 17/05/2008 01:16 AM
45, 11, 29/10/2008 01:46 PM
46, 30, 20/07/2011 01:05 PM
46, 28, 07/04/2010 06:12 PM
46, 27, 20/09/2011 01:52 AM
46, 34, 27/12/2010 05:20 PM
46, 93, 14/12/2008 05:25 AM
46, 11, 31/03/2011 09:06 PM
46, 16, 07/12/2008 12:11 PM
47, 100, 30/05/2009 02:10 PM
47, 69, 09/09/2011 07:08 PM
47, 2, 27/12/2010 11:54 AM
47, 8, 17/09/2009 10:17 AM
47, 64, 09/01/2008 02:48 PM
47, 66, 21/07/2011 03:39 AM
47, 93, 25/05/2008 08:24 AM
47, 37, 10/09/2010 12:43 AM
47, 18, 24/02/2008 09:39 AM
47, 36, 22/01/2012 05:10 AM
47, 74, 28/04/2009 09:51 PM
47, 13, 26/01/2009 07:24 PM
47, 20, 29/09/2008 09:48 AM
47, 22, 26/06/2010 10:12 AM
47, 95, 28/07/2009 05:28 PM
48, 59, 29/08/2009 12:53 AM
48, 57, 05/11/2009 10:48 PM
48, 69, 29/12/2009 05:26 AM
48, 99, 22/10/2011 03:05 AM
48, 2, 16/08/2011 05:32 PM
48, 81, 03/12/2010 06:57 PM
48, 21, 06/08/2009 04:09 PM
48, 24, 12/06/2011 01:21 AM
48, 79, 03/11/2011 01:27 AM
48, 76, 28/02/2008 04:53 PM
48, 41, 08/05/2011 12:16 AM
48, 100, 04/11/2009 10:48 AM
48, 52, 02/11/2010 12:13 PM
49, 81, 12/01/2010 04:44 AM
49, 19, 29/11/2010 09:31 AM
50, 92, 19/12/2010 06:53 AM
50, 1, 11/04/2009 03:07 PM
50, 16, 15/12/2009 12:28 PM
50, 11, 19/11/2011 09:50 AM
50, 45, 09/06/2009 01:09 PM
50, 3, 15/12/2009 07:20 AM
50, 54, 05/12/2010 10:20 AM
50, 27, 12/07/2009 11:48 PM
50, 99, 28/07/2008 04:18 AM
50, 56, 30/04/2010 01:36 PM
50, 32, 14/06/2011 09:48 PM
50, 96, 29/09/2010 05:37 AM
50, 5, 08/02/2009 05:26 PM
50, 99, 18/09/2011 09:14 PM
50, 28, 12/01/2008 06:23 PM
50, 78, 11/06/2009 10:09 AM
50, 93, 22/07/2008 11:23 PM
50, 80, 06/02/2012 12:24 PM
50, 26, 18/09/2010 02:28 PM
50, 0, 24/09/2008 03:29 PM
51, 21, 15/11/2010 08:50 PM
51, 80, 18/09/2009 12:26 PM
51, 32, 24/11/2009 03:38 PM
51, 65, 24/05/2008 07:06 PM
51, 30, 24/04/2009 12:26 AM
51, 59, 04/11/2008 08:23 AM
51, 15, 29/09/2011 12:11 AM
51, 53, 04/11/2011 12:29 AM
51, 88, 05/12/2009 12:15 PM
51, 59, 03/11/2011 09:51 AM
51, 86, 06/11/2011 07:10 AM
51, 89, 19/01/2009 09:19 PM
51, 69, 04/03/2009 11:32 AM
51, 97, 31/08/2011 02:02 PM
51, 24, 02/03/2010 02:27 AM
51, 5, 02/02/2012 03:23 AM
51, 74, 21/01/2011 06:59 PM
51, 33, 13/09/2011 12:08 AM
51, 54, 02/06/2008 07:29 AM
52, 83, 16/03/2011 02:54 PM
52, 9, 15/02/2008 11:40 PM
52, 1, 03/12/2008 02:49 AM
52, 13, 07/09/2009 05:53 PM
52, 16, 18/04/2011 08:26 PM
52, 54, 02/09/2008 11:07 PM
52, 69, 08/05/2011 10:44 AM
52, 51, 24/05/2010 05:57 AM
52, 24, 11/11/2008 12:30 AM
53, 31, 09/10/2008 12:44 AM
53, 7, 15/10/2010 01:47 PM
53, 44, 29/06/2010 12:56 PM
53, 30, 12/06/2010 05:28 PM
53, 18, 15/02/2011 02:48 AM
53, 6, 23/10/2008 12:00 PM
53, 14, 10/09/2011 02:08 AM
53, 15, 25/08/2009 06:47 AM
53, 52, 22/05/2008 06:37 PM
53, 70, 20/01/2008 11:41 PM
53, 67, 02/12/2008 06:46 PM
53, 55, 29/07/2009 03:34 PM
53, 10, 28/02/2010 04:37 AM
53, 2, 22/02/2008 02:59 PM
53, 17, 16/03/2010 01:46 PM
54, 8, 22/12/2010 02:42 PM
54, 24, 18/01/2009 07:29 AM
54, 67, 23/02/2010 03:42 PM
54, 84, 14/12/2008 05:39 PM
54, 75, 07/04/2009 02:40 AM
54, 97, 16/08/2009 07:14 PM
54, 81, 20/11/2008 02:58 AM
54, 35, 26/01/2011 10:41 PM
54, 67, 07/03/2008 01:47 PM
54, 55, 07/08/2010 09:24 PM
54, 86, 31/07/2010 12:19 AM
54, 5, 19/07/2009 04:56 PM
55, 70, 18/09/2009 03:09 AM
55, 96, 02/09/2010 11:55 AM
55, 35, 06/06/2008 02:41 PM
55, 18, 16/02/2008 04:24 AM
55, 98, 10/06/2009 05:42 PM
55, 66, 27/11/2008 03:54 PM
55, 60, 09/11/2011 05:27 AM
55, 40, 07/05/2009 02:44 PM
55, 78, 22/02/2009 02:22 AM
55, 91, 23/05/2011 10:46 PM
55, 14, 27/08/2011 04:53 AM
55, 64, 21/05/2011 12:57 AM
56, 24, 26/06/2008 04:58 AM
56, 67, 13/07/2008 04:07 AM
56, 58, 25/10/2011 04:44 AM
56, 25, 29/03/2010 11:16 PM
56, 48, 28/12/2010 11:22 AM
56, 48, 16/09/2009 11:03 PM
56, 65, 01/02/2009 10:16 PM
56, 71, 11/09/2011 06:49 AM
56, 52, 07/08/2008 04:23 PM
56, 51, 24/08/2010 10:44 PM
56, 61, 30/07/2011 11:04 AM
56, 8, 13/04/2008 10:29 PM
56, 71, 07/02/2010 10:54 AM
56, 9, 12/10/2011 07:17 PM
56, 27, 23/06/2008 02:15 PM
56, 76, 20/08/2011 12:21 PM
56, 47, 15/02/2010 09:18 AM
57, 5, 25/10/2008 11:57 PM
57, 80, 08/05/2009 06:41 PM
57, 6, 10/05/2009 05:35 PM
58, 93, 14/06/2008 01:54 AM
58, 17, 15/02/2009 10:04 PM
58, 89, 20/11/2009 01:51 PM
58, 8, 02/07/2009 03:07 PM
58, 38, 30/01/2010 07:00 AM
58, 72, 01/12/2010 01:45 PM
58, 87, 30/10/2009 05:29 PM
58, 53, 12/12/2009 03:11 PM
58, 6, 28/07/2010 12:01 PM
58, 58, 05/02/2008 07:17 PM
58, 98, 07/06/2009 05:38 AM
58, 23, 19/05/2011 07:01 PM
58, 78, 14/04/2010 02:11 AM
58, 42, 10/11/2010 10:55 PM
58, 82, 16/12/2008 05:26 AM
58, 27, 28/06/2009 02:18 AM
58, 72, 29/08/2011 02:15 PM
58, 83, 10/03/2008 11:51 PM
58, 20, 15/10/2008 03:04 AM
58, 66, 22/03/2010 04:17 AM
59, 65, 05/03/2009 03:40 AM
59, 85, 31/10/2010 09:33 PM
59, 67, 21/07/2010 06:08 PM
59, 30, 10/06/2008 12:55 AM
59, 66, 31/12/2009 11:50 PM
59, 29, 09/02/2010 03:15 AM
59, 100, 18/11/2009 06:26 AM
59, 98, 26/08/2011 12:19 AM
59, 71, 09/03/2009 12:37 AM
59, 96, 03/06/2008 02:39 AM
59, 75, 22/07/2011 03:46 AM
59, 43, 26/01/2011 11:17 AM
59, 58, 27/11/2008 08:26 PM
59, 75, 27/12/2011 07:36 AM
59, 56, 11/01/2010 09:25 PM
59, 42, 25/02/2008 08:24 PM
59, 1, 12/04/2011 09:27 AM
59, 46, 18/03/2011 11:38 PM
59, 89, 16/04/2009 07:58 AM
60, 59, 11/05/2009 06:00 AM
60, 21, 08/09/2010 01:25 PM
60, 49, 26/05/2010 04:04 PM
60, 36, 13/10/2009 11:15 PM
60, 75, 14/08/2010 12:39 PM
60, 74, 03/09/2009 05:03 AM
60, 82, 18/12/2009 07:09 PM
61, 85, 15/01/2012 12:15 PM
61, 70, 06/01/2009 03:03 AM
61, 11, 15/02/2008 06:18 PM
61, 77, 07/03/2008 08:58 PM
61, 11, 11/11/2010 06:58 PM
61, 9, 03/06/2008 04:43 AM
61, 59, 30/01/2008 11:42 PM
62, 61, 20/08/2008 04:27 AM
62, 32, 19/01/2010 03:35 PM
62, 44, 24/06/2011 06:11 PM
62, 71, 10/02/2011 09:56 PM
62, 99, 27/07/2010 10:52 PM
62, 43, 05/09/2010 01:52 PM
62, 33, 20/12/2011 04:59 PM
62, 96, 12/08/2009 11:07 AM
62, 51, 18/06/2011 04:53 PM
62, 92, 15/12/2009 11:20 PM
62, 56, 28/04/2010 04:39 PM
62, 0, 04/07/2009 02:12 AM
62, 22, 18/03/2011 08:33 PM
62, 75, 15/05/2010 08:17 PM
62, 49, 18/11/2008 11:36 PM
62, 41, 18/08/2008 08:27 PM
62, 3, 27/12/2010 02:30 AM
62, 19, 01/11/2010 04:11 AM
63, 84, 15/02/2010 12:50 PM
63, 81, 03/03/2009 12:01 PM
63, 29, 12/08/2011 11:27 PM
63, 22, 04/05/2011 07:33 AM
63, 85, 13/06/2010 11:46 AM
63, 63, 20/01/2010 01:45 AM
63, 85, 17/11/2009 07:05 AM
63, 95, 08/08/2009 10:21 PM
63, 80, 21/09/2010 03:52 PM
63, 33, 14/04/2009 06:26 PM
63, 54, 24/09/2010 01:31 PM
63, 47, 09/10/2010 08:00 AM
63, 45, 28/07/2009 01:50 PM
63, 82, 28/08/2008 03:38 AM
63, 95, 02/02/2012 06:38 AM
63, 47, 20/12/2010 10:52 PM
63, 99, 14/03/2008 08:34 AM
63, 13, 27/04/2009 08:37 PM
63, 21, 07/08/2009 02:45 AM
63, 95, 06/12/2011 09:28 AM
64, 78, 06/10/2010 02:12 PM
64, 81, 20/05/2009 03:06 AM
64, 84, 12/08/2009 01:16 AM
64, 100, 30/08/2009 11:12 PM
64, 38, 28/06/2009 12:41 AM
64, 18, 06/08/2008 04:56 AM
64, 71, 30/06/2009 07:37 AM
64, 48, 02/06/2010 10:35 AM
64, 95, 18/02/2012 09:43 PM
64, 25, 12/12/2009 09:00 AM
64, 66, 20/07/2008 06:44 PM
64, 40, 18/04/2009 11:15 AM
64, 98, 06/05/2008 12:04 AM
64, 14, 31/07/2008 01:31 AM
64, 92, 18/12/2010 02:01 AM
64, 60, 29/04/2008 04:07 AM
65, 26, 03/09/2010 10:57 PM
65, 82, 15/07/2010 03:14 PM
65, 19, 29/05/2011 10:00 AM
65, 41, 19/11/2009 10:20 AM
65, 16, 15/03/2010 09:14 AM
65, 2, 07/02/2008 03:39 PM
65, 53, 03/09/2008 03:04 AM
65, 18, 16/03/2009 11:20 PM
65, 72, 12/05/2011 04:17 PM
65, 54, 13/05/2008 07:37 PM
65, 86, 30/11/2008 05:08 AM
66, 41, 27/10/2009 02:13 AM
66, 93, 20/09/2011 06:56 PM
66, 55, 25/05/2008 08:35 PM
66, 64, 26/12/2011 06:11 AM
66, 88, 14/12/2008 12:13 AM
66, 41, 09/08/2009 02:12 PM
66, 38, 06/12/2010 09:31 AM
66, 5, 10/04/2008 12:44 PM
66, 8, 10/04/2008 02:46 PM
66, 63, 15/07/2011 03:37 AM
66, 38, 02/11/2010 12:44 PM
66, 54, 03/04/2008 05:53 PM
66, 88, 05/05/2009 09:15 AM
66, 83, 18/11/2009 04:55 PM
66, 6, 24/07/2011 07:54 PM
66, 61, 28/05/2008 06:18 AM
66, 3, 25/03/2010 11:23 AM
66, 23, 20/11/2010 04:37 AM
66, 61, 04/01/2011 11:29 PM
67, 52, 20/10/2009 07:28 PM
67, 52, 02/03/2011 03:31 AM
67, 37, 16/09/2011 10:59 PM
67, 34, 18/09/2010 06:03 PM
67, 64, 15/03/2011 04:45 AM
67, 9, 20/02/2011 10:38 AM
67, 17, 20/12/2009 01:13 AM
67, 62, 04/07/2008 04:52 AM
67, 46, 16/09/2008 09:35 PM
67, 5, 14/07/2010 06:11 PM
67, 94, 22/03/2008 11:06 AM
67, 9, 22/03/2009 07:40 PM
67, 46, 29/10/2009 03:59 AM
67, 84, 20/05/2011 05:14 PM
67, 73, 25/10/2009 07:19 PM
68, 18, 22/12/2008 06:19 PM
68, 67, 10/05/2009 02:53 AM
68, 23, 11/06/2008 10:09 AM
68, 80, 14/09/2010 05:37 PM
68, 72, 12/12/2008 11:41 PM
68, 33, 26/10/2008 02:08 AM
68, 30, 26/09/2008 11:57 PM
68, 10, 03/11/2011 04:00 PM
68, 6, 12/07/2010 10:12 PM
69, 80, 16/09/2009 07:18 AM
69, 23, 23/12/2008 04:19 AM
69, 47, 27/10/2010 02:06 PM
69, 44, 14/05/2009 05:47 AM
69, 98, 26/02/2010 01:55 AM
69, 23, 29/07/2009 06:11 PM
69, 63, 05/04/2011 01:24 AM
69, 53, 27/06/2009 03:32 AM
69, 48, 05/07/2011 11:58 PM
69, 43, 25/08/2008 02:54 AM
69, 22, 15/08/2009 05:36 AM
69, 79, 30/04/2008 12:49 AM
69, 13, 24/01/2010 06:45 PM
69, 66, 17/11/2009 09:10 AM
69, 20, 04/08/2011 11:03 AM
69, 23, 16/07/2010 10:45 PM
69, 67, 28/12/2009 11:04 PM
69, 57, 25/03/2009 09:29 PM
70, 67, 20/05/2011 06:55 PM
70, 88, 01/12/2011 02:44 AM
70, 62, 08/09/2009 05:19 PM
70, 67, 23/01/2010 11:23 PM
70, 91, 09/07/2009 09:26 PM
70, 8, 10/05/2011 06:31 PM
70, 27, 02/08/2009 08:51 PM
70, 85, 14/10/2011 09:26 AM
70, 49, 29/08/2009 07:09 AM
70, 73, 27/04/2011 11:12 PM
70, 39, 13/01/2012 05:38 PM
70, 84, 07/09/2010 03:12 PM
70, 31, 14/09/2009 11:53 PM
70, 24, 12/04/2011 11:41 AM
70, 53, 07/03/2008 01:32 AM
70, 54, 01/08/2010 04:29 PM
71, 66, 07/08/2011 09:55 PM
71, 10, 13/06/2008 07:25 PM
71, 79, 28/11/2008 08:36 PM
71, 36, 28/07/2009 11:00 AM
71, 83, 11/04/2010 08:36 AM
72, 23, 09/03/2009 11:03 AM
72, 52, 14/02/2010 04:02 PM
73, 42, 25/12/2008 10:14 PM
73, 46, 27/12/2010 01:26 PM
73, 75, 23/02/2010 11:41 AM
73, 92, 04/01/2011 11:03 AM
73, 5, 04/12/2008 02:05 AM
73, 25, 10/09/2010 06:17 AM
73, 32, 18/10/2009 10:35 AM
73, 78, 24/04/2009 07:45 AM
73, 69, 11/05/2010 07:13 PM
73, 66, 08/07/2008 05:30 PM
73, 79, 19/12/2009 04:36 PM
73, 50, 02/02/2008 08:55 PM
73, 26, 04/09/2009 10:04 AM
73, 100, 10/10/2009 08:06 PM
74, 100, 18/02/2012 01:05 PM
74, 9, 21/05/2010 03:36 PM
74, 39, 22/07/2011 06:55 AM
74, 45, 10/07/2009 12:43 PM
74, 62, 14/11/2009 03:25 AM
74, 13, 27/09/2008 10:33 PM
74, 51, 11/09/2010 03:39 AM
74, 61, 13/06/2008 11:24 AM
74, 31, 23/07/2011 09:24 PM
75, 17, 18/10/2008 05:48 AM
75, 20, 10/05/2008 08:35 PM
75, 72, 02/10/2010 08:51 PM
75, 0, 27/06/2011 04:26 AM
75, 10, 02/11/2008 11:53 AM
75, 43, 31/05/2011 07:29 PM
75, 31, 16/02/2010 09:06 AM
75, 95, 19/08/2008 02:25 PM
75, 4, 23/05/2010 04:59 PM
75, 26, 24/05/2009 01:50 PM
75, 62, 16/03/2011 10:01 PM
75, 67, 05/01/2012 10:00 AM
75, 69, 19/08/2009 03:42 PM
75, 68, 18/07/2009 09:05 PM
76, 77, 09/07/2008 01:51 AM
76, 64, 01/12/2008 02:43 AM
77, 9, 12/09/2010 10:52 PM
77, 46, 01/09/2009 09:29 AM
77, 95, 06/05/2009 12:46 PM
77, 68, 11/04/2009 06:04 PM
78, 14, 16/12/2011 12:36 PM
78, 13, 08/12/2009 10:31 AM
78, 5, 04/04/2010 08:24 AM
79, 68, 16/08/2009 12:54 AM
79, 10, 02/02/2011 03:49 PM
79, 1, 23/05/2011 12:45 AM
79, 74, 23/08/2009 10:04 PM
79, 60, 10/03/2008 10:56 PM
79, 66, 10/05/2009 02:04 AM
79, 99, 15/02/2012 02:18 PM
79, 84, 08/04/2008 12:14 AM
79, 42, 11/12/2010 08:52 PM
79, 11, 25/05/2009 12:24 PM
79, 28, 27/10/2010 08:14 AM
79, 93, 06/10/2009 08:19 PM
79, 65, 03/01/2012 06:52 PM
79, 69, 09/03/2009 01:05 PM
79, 40, 10/05/2009 04:44 AM
79, 90, 20/05/2010 11:31 PM
79, 63, 19/02/2012 09:25 PM
79, 21, 03/05/2008 04:47 PM
80, 62, 15/08/2010 11:00 PM
80, 10, 11/04/2010 02:59 PM
81, 55, 28/09/2008 09:28 AM
81, 84, 05/10/2009 10:19 PM
81, 87, 24/06/2008 04:21 AM
81, 4, 27/12/2010 06:41 PM
81, 74, 14/03/2009 10:38 PM
81, 96, 05/10/2010 12:28 AM
82, 64, 25/07/2011 12:03 PM
82, 20, 19/06/2010 09:57 PM
82, 32, 21/01/2011 11:39 AM
82, 95, 23/12/2010 07:34 PM
82, 93, 27/02/2010 10:21 AM
82, 61, 21/09/2010 01:17 PM
82, 56, 23/09/2011 04:34 PM
82, 71, 04/03/2011 06:05 AM
82, 75, 22/10/2008 02:10 AM
82, 1, 05/04/2010 10:13 PM
82, 100, 03/11/2011 07:33 AM
82, 47, 27/09/2011 05:07 PM
82, 12, 25/11/2008 05:59 AM
82, 0, 02/05/2009 12:31 PM
82, 72, 28/08/2010 04:20 PM
83, 44, 23/09/2008 08:33 PM
83, 72, 23/08/2009 11:24 AM
83, 71, 28/09/2010 02:26 AM
83, 64, 30/09/2009 06:27 AM
83, 67, 28/01/2011 08:08 PM
83, 64, 07/06/2010 11:29 PM
83, 86, 16/08/2010 08:01 PM
83, 77, 28/08/2009 05:20 PM
83, 6, 09/05/2008 06:24 AM
84, 34, 24/10/2011 09:36 PM
84, 29, 02/05/2008 12:42 PM
84, 99, 26/10/2008 09:46 PM
84, 13, 14/10/2011 01:56 PM
84, 76, 12/11/2008 04:21 PM
84, 86, 15/05/2008 03:55 PM
85, 29, 15/12/2010 10:44 PM
85, 93, 20/09/2011 02:22 AM
85, 51, 29/05/2011 11:34 AM
85, 60, 22/01/2008 08:36 AM
85, 68, 24/07/2011 09:41 AM
85, 14, 20/01/2008 01:08 AM
85, 5, 18/01/2009 07:30 PM
85, 24, 31/03/2011 02:25 PM
85, 66, 04/05/2009 09:35 PM
86, 88, 07/08/2009 06:18 AM
86, 7, 07/03/2009 12:04 PM
86, 3, 28/01/2011 06:50 AM
86, 20, 01/10/2010 03:48 PM
86, 29, 06/04/2008 12:48 AM
86, 2, 07/09/2009 08:07 AM
87, 47, 13/08/2011 04:46 AM
87, 84, 22/01/2010 05:12 AM
87, 21, 03/03/2011 01:02 AM
87, 94, 09/04/2010 06:32 AM
87, 97, 09/02/2012 02:00 PM
87, 6, 07/08/2010 02:53 PM
87, 45, 24/06/2009 02:52 AM
87, 17, 11/04/2008 04:19 PM
87, 39, 29/10/2008 03:31 AM
87, 73, 26/08/2009 06:07 PM
87, 66, 21/01/2008 10:35 PM
87, 95, 29/06/2011 02:05 AM
87, 85, 17/07/2010 02:32 AM
88, 35, 20/07/2009 05:12 PM
88, 28, 08/08/2009 03:28 AM
88, 15, 03/05/2011 01:21 AM
88, 41, 25/02/2010 07:49 PM
88, 78, 23/03/2009 11:49 PM
88, 89, 08/01/2009 12:00 PM
88, 51, 12/09/2009 04:55 PM
89, 63, 05/02/2008 12:05 PM
90, 11, 13/10/2010 04:06 AM
90, 39, 04/10/2011 09:09 AM
90, 37, 30/09/2008 04:17 AM
90, 40, 15/06/2008 12:13 PM
90, 46, 08/08/2009 12:38 PM
90, 75, 31/01/2012 06:54 PM
90, 91, 11/05/2011 01:03 AM
90, 77, 06/08/2011 08:45 PM
90, 20, 04/07/2009 02:15 PM
90, 81, 29/10/2011 04:36 PM
90, 30, 29/06/2010 04:44 PM
90, 90, 30/09/2011 10:34 PM
90, 30, 28/11/2009 02:45 AM
90, 61, 26/05/2008 07:33 PM
91, 75, 04/10/2010 12:36 PM
91, 25, 16/01/2009 02:22 PM
91, 83, 23/05/2011 04:58 AM
91, 4, 12/01/2012 12:21 AM
91, 45, 21/09/2011 08:12 AM
91, 64, 11/10/2009 01:17 AM
91, 7, 17/02/2009 03:00 AM
91, 17, 28/02/2011 06:56 AM
91, 68, 19/05/2009 07:58 AM
91, 97, 01/11/2011 01:22 PM
91, 24, 28/02/2011 07:01 AM
91, 4, 11/05/2009 12:40 AM
91, 11, 27/09/2008 08:14 PM
91, 1, 16/05/2009 08:21 AM
91, 17, 14/03/2008 04:11 PM
91, 73, 15/09/2008 09:06 PM
91, 93, 08/11/2010 07:08 AM
91, 95, 09/01/2008 06:10 AM
91, 0, 27/12/2009 01:21 PM
91, 20, 22/01/2011 10:34 PM
92, 92, 08/12/2009 03:23 AM
92, 49, 15/12/2011 05:00 AM
92, 86, 14/10/2010 09:36 PM
93, 23, 27/06/2011 12:01 PM
93, 19, 12/12/2011 12:18 AM
93, 90, 17/10/2011 03:26 PM
93, 79, 08/12/2011 05:59 PM
93, 52, 16/09/2010 12:46 PM
93, 67, 27/05/2010 10:51 PM
93, 78, 10/01/2008 04:20 PM
93, 77, 24/12/2011 12:58 AM
93, 28, 23/02/2008 02:55 AM
93, 83, 30/01/2009 01:53 PM
94, 14, 03/05/2008 10:58 AM
94, 98, 21/12/2011 07:38 PM
94, 5, 19/07/2008 12:10 PM
94, 13, 13/06/2009 03:04 PM
94, 19, 30/07/2008 03:12 AM
94, 77, 31/05/2009 08:37 PM
94, 56, 17/07/2011 05:21 AM
94, 41, 10/05/2008 06:37 PM
94, 43, 21/05/2010 04:12 PM
94, 93, 10/07/2008 06:39 PM
95, 22, 03/07/2010 09:56 AM
95, 38, 08/02/2011 04:23 PM
95, 73, 04/04/2008 03:52 AM
95, 15, 16/08/2010 12:14 AM
96, 30, 01/01/2009 11:12 PM
96, 97, 17/09/2010 03:57 PM
96, 88, 14/02/2009 08:18 AM
96, 52, 03/02/2008 11:55 AM
96, 4, 23/08/2008 08:34 AM
96, 85, 27/01/2011 08:30 PM
96, 24, 17/11/2009 04:03 AM
96, 51, 06/07/2011 07:51 PM
96, 100, 01/06/2009 06:49 AM
96, 36, 12/01/2008 12:36 PM
96, 46, 29/06/2010 08:28 PM
97, 26, 07/11/2008 05:55 AM
97, 91, 01/08/2011 06:53 PM
97, 55, 21/03/2011 08:06 AM
97, 44, 02/10/2011 11:17 PM
97, 9, 07/10/2008 02:30 PM
97, 47, 12/12/2011 05:39 AM
98, 28, 11/10/2011 09:43 AM
98, 26, 16/11/2009 07:55 PM
98, 79, 14/03/2009 12:51 PM
98, 28, 11/09/2008 01:12 PM
98, 3, 06/08/2008 09:14 AM
98, 26, 14/02/2012 09:15 AM
98, 56, 16/12/2009 07:52 PM
98, 40, 26/07/2010 12:28 AM
98, 27, 06/12/2011 04:36 AM
98, 9, 10/09/2009 11:43 PM
98, 6, 02/11/2011 01:38 PM
98, 50, 12/06/2008 11:31 PM
98, 93, 13/03/2011 05:14 AM
98, 28, 01/03/2010 11:49 AM
99, 19, 23/05/2009 02:42 AM
99, 39, 19/08/2011 01:41 PM
99, 50, 05/03/2011 12:26 PM
99, 83, 13/11/2009 03:13 PM
99, 79, 27/10/2008 09:50 PM
99, 44, 04/02/2010 11:17 AM
99, 8, 31/05/2009 12:58 PM
99, 46, 13/11/2008 08:43 PM
99, 8, 16/11/2010 03:31 PM
99, 10, 04/12/2008 03:35 PM
100, 6, 31/01/2012 04:07 PM
100, 87, 21/09/2010 02:00 AM
100, 51, 10/06/2011 10:21 AM
